Model,Pretraining,MAE (Failure)
LSTM,No,0.3224199511643344
LSTM,Yes,0.48721463352248046
Transformer,No,0.7959018830437253
Transformer,Yes,0.8108304535493498
